Year,Country,Crop Yield Exports,Country Key,Iterating Key
1990,Angola,79.345,1,1
1991,Angola,74.331,1,2
1992,Angola,67.52,1,3
1993,Angola,27.608,1,4
1994,Angola,11.802,1,5
1995,Angola,48.109,1,6
1996,Angola,50.925,1,7
1997,Angola,54.33,1,8
1998,Angola,55.344,1,9
1999,Angola,39.939,1,10
2000,Angola,19.785,1,11
2001,Angola,10.69,1,12
2002,Angola,11.64,1,13
2003,Angola,13.013,1,14
2004,Angola,4.77,1,15
2005,Angola,4.965,1,16
2006,Angola,5.095,1,17
2007,Angola,5.631,1,18
2008,Angola,7.61,1,19
2009,Angola,3.42,1,20
2010,Angola,4.97,1,21
2011,Angola,8.715,1,22
2012,Angola,7.79,1,23
2013,Angola,4.935,1,24
2014,Angola,9.405,1,25
2015,Angola,10.515,1,26
2016,Angola,14.83,1,27
2017,Angola,5.006,1,28
2018,Angola,11.9027,1,29
2019,Angola,21.8419,1,30
1990,Bolivia (Plurinational State of),111.977,2,1
1991,Bolivia (Plurinational State of),82.936,2,2
1992,Bolivia (Plurinational State of),100.935,2,3
1993,Bolivia (Plurinational State of),36.523,2,4
1994,Bolivia (Plurinational State of),85.944,2,5
1995,Bolivia (Plurinational State of),110.485,2,6
1996,Bolivia (Plurinational State of),105.079,2,7
1997,Bolivia (Plurinational State of),109.219,2,8
1998,Bolivia (Plurinational State of),100.985,2,9
1999,Bolivia (Plurinational State of),122.702,2,10
2000,Bolivia (Plurinational State of),112.604,2,11
2001,Bolivia (Plurinational State of),63.516,2,12
2002,Bolivia (Plurinational State of),89.168,2,13
2003,Bolivia (Plurinational State of),64.823,2,14
2004,Bolivia (Plurinational State of),109.8071,2,15
2005,Bolivia (Plurinational State of),68.9692,2,16
2006,Bolivia (Plurinational State of),104.4297,2,17
2007,Bolivia (Plurinational State of),72.5292,2,18
2008,Bolivia (Plurinational State of),75.4186,2,19
2009,Bolivia (Plurinational State of),82.4751,2,20
2010,Bolivia (Plurinational State of),69.7249,2,21
2011,Bolivia (Plurinational State of),82.8354,2,22
2012,Bolivia (Plurinational State of),54.7812,2,23
2013,Bolivia (Plurinational State of),67.9122,2,24
2014,Bolivia (Plurinational State of),46.3766,2,25
2015,Bolivia (Plurinational State of),29.2191,2,26
2016,Bolivia (Plurinational State of),20.9835,2,27
2017,Bolivia (Plurinational State of),25.3112,2,28
2018,Bolivia (Plurinational State of),22.5687,2,29
2019,Bolivia (Plurinational State of),20.2654,2,30
1990,Brazil,17862.6286,3,1
1991,Brazil,21808.4934,3,2
1992,Brazil,16752.3542,3,3
1993,Brazil,18760.9786,3,4
1994,Brazil,15958.047,3,5
1995,Brazil,13760.2022,3,6
1996,Brazil,17259.743,3,7
1997,Brazil,15352.004,3,8
1998,Brazil,21084.8533,3,9
1999,Brazil,21185.8065,3,10
2000,Brazil,18577.353,3,11
2001,Brazil,23767.0955,3,12
2002,Brazil,29612.634,3,13
2003,Brazil,24909.4093,3,14
2004,Brazil,27468.1457,3,15
2005,Brazil,25077.9797,3,16
2006,Brazil,28485.7338,3,17
2007,Brazil,28044.4571,3,18
2008,Brazil,30291.5177,3,19
2009,Brazil,30254.812,3,20
2010,Brazil,34054.4102,3,21
2011,Brazil,32148.8289,3,22
2012,Brazil,29283.0012,3,23
2013,Brazil,32751.9664,3,24
2014,Brazil,37781.7669,3,25
2015,Brazil,37472.5876,3,26
2016,Brazil,33491.1784,3,27
2017,Brazil,30782.8179,3,28
2018,Brazil,37869.7997,3,29
2019,Brazil,40510.7127,3,30
1990,Burundi,412.393,4,1
1991,Burundi,762.491,4,2
1992,Burundi,671.646,4,3
1993,Burundi,352.87,4,4
1994,Burundi,580.127,4,5
1995,Burundi,464.07,4,6
1996,Burundi,185.636,4,7
1997,Burundi,546.034,4,8
1998,Burundi,391.85,4,9
1999,Burundi,437.799,4,10
2000,Burundi,407.185,4,11
2001,Burundi,216.549,4,12
2002,Burundi,431.055,4,13
2003,Burundi,323.691,4,14
2004,Burundi,477.019,4,15
2005,Burundi,232.164,4,16
2006,Burundi,372.734,4,17
2007,Burundi,276.846,4,18
2008,Burundi,351.0322,4,19
2009,Burundi,172.937,4,20
2010,Burundi,350.7196,4,21
2011,Burundi,202.1328,4,22
2012,Burundi,405.9615,4,23
2013,Burundi,159.2177,4,24
2014,Burundi,245.55,4,25
2015,Burundi,269.4576,4,26
2016,Burundi,194.4128,4,27
2017,Burundi,195.1079,4,28
2018,Burundi,192.3391,4,29
2019,Burundi,290.4688,4,30
1990,Cameroon,1857.184,5,1
1991,Cameroon,1737.615,5,2
1992,Cameroon,927.402,5,3
1993,Cameroon,625.356,5,4
1994,Cameroon,383.755,5,5
1995,Cameroon,505.04,5,6
1996,Cameroon,1375.705,5,7
1997,Cameroon,787.093,5,8
1998,Cameroon,1027.273,5,9
1999,Cameroon,1272.324,5,10
2000,Cameroon,1144.81,5,11
2001,Cameroon,616.51,5,12
2002,Cameroon,731.795,5,13
2003,Cameroon,831.282,5,14
2004,Cameroon,658.382,5,15
2005,Cameroon,778.7156,5,16
2006,Cameroon,742.0504,5,17
2007,Cameroon,549.0876,5,18
2008,Cameroon,539.9004,5,19
2009,Cameroon,821.5313,5,20
2010,Cameroon,569.1767,5,21
2011,Cameroon,578.6065,5,22
2012,Cameroon,324.3197,5,23
2013,Cameroon,332.3911,5,24
2014,Cameroon,397.7881,5,25
2015,Cameroon,309.8379,5,26
2016,Cameroon,219.8761,5,27
2017,Cameroon,311.5529,5,28
2018,Cameroon,226.5907,5,29
2019,Cameroon,186.209,5,30
1990,Central African Republic,143.274,6,1
1991,Central African Republic,91.781,6,2
1992,Central African Republic,155.845,6,3
1993,Central African Republic,146.241,6,4
1994,Central African Republic,234.512,6,5
1995,Central African Republic,97.398,6,6
1996,Central African Republic,200.945,6,7
1997,Central African Republic,106.738,6,8
1998,Central African Republic,194.084,6,9
1999,Central African Republic,187.74,6,10
2000,Central African Republic,104.267,6,11
2001,Central African Republic,100.26,6,12
2002,Central African Republic,37.874,6,13
2003,Central African Republic,68.276,6,14
2004,Central African Republic,41.715,6,15
2005,Central African Republic,20.1639,6,16
2006,Central African Republic,118.5037,6,17
2007,Central African Republic,36.801,6,18
2008,Central African Republic,59.616,6,19
2009,Central African Republic,88.259,6,20
2010,Central African Republic,87.312,6,21
2011,Central African Republic,77.692,6,22
2012,Central African Republic,1,6,23
2013,Central African Republic,75.027,6,24
2014,Central African Republic,43.214,6,25
2015,Central African Republic,80.018,6,26
2016,Central African Republic,16.7267,6,27
2017,Central African Republic,39.914,6,28
2018,Central African Republic,17.135,6,29
2019,Central African Republic,35.1383,6,30
1990,Colombia,12212.387,7,1
1991,Colombia,15466.866,7,2
1992,Colombia,14529.131,7,3
1993,Colombia,12684.602,7,4
1994,Colombia,9342.47,7,5
1995,Colombia,10784.561,7,6
1996,Colombia,11176.063,7,7
1997,Colombia,10911.455,7,8
1998,Colombia,10292.094,7,9
1999,Colombia,9035.7709,7,10
2000,Colombia,9436.887,7,11
2001,Colombia,10625.441,7,12
2002,Colombia,10478.253,7,13
2003,Colombia,10154.157,7,14
2004,Colombia,11004.523,7,15
2005,Colombia,10751.2337,7,16
2006,Colombia,11176.5466,7,17
2007,Colombia,11556.5634,7,18
2008,Colombia,8716.1603,7,19
2009,Colombia,7195.8241,7,20
2010,Colombia,8064.4534,7,21
2011,Colombia,7298.8476,7,22
2012,Colombia,8842.0805,7,23
2013,Colombia,10842.0722,7,24
2014,Colombia,12280.9275,7,25
2015,Colombia,12301.5664,7,26
2016,Colombia,13488.0329,7,27
2017,Colombia,12724.8895,7,28
2018,Colombia,13501.552,7,29
2019,Colombia,12639.3442,7,30
1990,Congo,0.924,8,1
1991,Congo,0.336,8,2
1992,Congo,0.504,8,3
1993,Congo,0,8,4
1994,Congo,15.585,8,5
1995,Congo,8.755,8,6
1996,Congo,10.86,8,7
1997,Congo,0.27,8,8
1998,Congo,0,8,9
1999,Congo,0,8,10
2000,Congo,0,8,11
2001,Congo,0,8,12
2002,Congo,0,8,13
2003,Congo,0,8,14
2004,Congo,0,8,15
2005,Congo,0,8,16
2006,Congo,0,8,17
2007,Congo,0,8,18
2008,Congo,0,8,19
2009,Congo,0,8,20
2010,Congo,0,8,21
2011,Congo,0,8,22
2012,Congo,0,8,23
2013,Congo,0,8,24
2014,Congo,0.002,8,25
2015,Congo,0,8,26
2016,Congo,0,8,27
2017,Congo,0.0001,8,28
2018,Congo,0.013,8,29
2019,Congo,0.0006,8,30
1990,Costa Rica,2409.885,9,1
1991,Costa Rica,2275.274,9,2
1992,Costa Rica,2662.319,9,3
1993,Costa Rica,2073.753,9,4
1994,Costa Rica,1897.942,9,5
1995,Costa Rica,2480.596,9,6
1996,Costa Rica,2064.915,9,7
1997,Costa Rica,2157.6,9,8
1998,Costa Rica,2092.12,9,9
1999,Costa Rica,1984.33,9,10
2000,Costa Rica,2110.536,9,11
2001,Costa Rica,1880.7,9,12
2002,Costa Rica,1676.413,9,13
2003,Costa Rica,1505.432,9,14
2004,Costa Rica,1509.8399,9,15
2005,Costa Rica,1317.5288,9,16
2006,Costa Rica,1371.0731,9,17
2007,Costa Rica,1402.1373,9,18
2008,Costa Rica,1300.873,9,19
2009,Costa Rica,1170.2556,9,20
2010,Costa Rica,1209.4926,9,21
2011,Costa Rica,1384.0085,9,22
2012,Costa Rica,1380.0956,9,23
2013,Costa Rica,1236.5631,9,24
2014,Costa Rica,1144.6122,9,25
2015,Costa Rica,994.7404,9,26
2016,Costa Rica,1006.5873,9,27
2017,Costa Rica,1196.6893,9,28
2018,Costa Rica,1091.6568,9,29
2019,Costa Rica,1103.7632,9,30
1990,Côte d'Ivoire,4334.363,10,1
1991,Côte d'Ivoire,3857.295,10,2
1992,Côte d'Ivoire,5114.536,10,3
1993,Côte d'Ivoire,2715.072,10,4
1994,Côte d'Ivoire,2252.779,10,5
1995,Côte d'Ivoire,2899.864,10,6
1996,Côte d'Ivoire,3905.092,10,7
1997,Côte d'Ivoire,5049.004,10,8
1998,Côte d'Ivoire,2264.047,10,9
1999,Côte d'Ivoire,5833.7898,10,10
2000,Côte d'Ivoire,4269.833,10,11
2001,Côte d'Ivoire,3388.164,10,12
2002,Côte d'Ivoire,2608.386,10,13
2003,Côte d'Ivoire,2604.325,10,14
2004,Côte d'Ivoire,1924.7278,10,15
2005,Côte d'Ivoire,1807.8097,10,16
2006,Côte d'Ivoire,2018.3274,10,17
2007,Côte d'Ivoire,1665.4995,10,18
2008,Côte d'Ivoire,1615.8123,10,19
2009,Côte d'Ivoire,2029.4484,10,20
2010,Côte d'Ivoire,958.344,10,21
2011,Côte d'Ivoire,1643.5889,10,22
2012,Côte d'Ivoire,1738.7857,10,23
2013,Côte d'Ivoire,1702.4943,10,24
2014,Côte d'Ivoire,1327.7203,10,25
2015,Côte d'Ivoire,1543.3985,10,26
2016,Côte d'Ivoire,965.8665,10,27
2017,Côte d'Ivoire,1206.8487,10,28
2018,Côte d'Ivoire,2108.3233,10,29
2019,Côte d'Ivoire,1662.1972,10,30
1990,Cuba,177.912,11,1
1991,Cuba,159.097,11,2
1992,Cuba,116.237,11,3
1993,Cuba,132.304,11,4
1994,Cuba,125.315,11,5
1995,Cuba,122.855,11,6
1996,Cuba,113.565,11,7
1997,Cuba,112.221,11,8
1998,Cuba,103.953,11,9
1999,Cuba,117.9874,11,10
2000,Cuba,96.0345,11,11
2001,Cuba,91.974,11,12
2002,Cuba,57.705,11,13
2003,Cuba,29.507,11,14
2004,Cuba,32.984,11,15
2005,Cuba,14.5833,11,16
2006,Cuba,17.85,11,17
2007,Cuba,4.8567,11,18
2008,Cuba,7.4523,11,19
2009,Cuba,6.103,11,20
2010,Cuba,6.497,11,21
2011,Cuba,13.158,11,22
2012,Cuba,15.142,11,23
2013,Cuba,10.685,11,24
2014,Cuba,11.421,11,25
2015,Cuba,19.8181,11,26
2016,Cuba,12.6,11,27
2017,Cuba,23.2259,11,28
2018,Cuba,32.651,11,29
2019,Cuba,14.1829,11,30
1990,Democratic Republic of Congo,1479.296,12,1
1991,Democratic Republic of Congo,1025.902,12,2
1992,Democratic Republic of Congo,995.157,12,3
1993,Democratic Republic of Congo,705.261,12,4
1994,Democratic Republic of Congo,1077.805,12,5
1995,Democratic Republic of Congo,914.585,12,6
1996,Democratic Republic of Congo,591.83,12,7
1997,Democratic Republic of Congo,600.687,12,8
1998,Democratic Republic of Congo,542.294,12,9
1999,Democratic Republic of Congo,352.677,12,10
2000,Democratic Republic of Congo,151.342,12,11
2001,Democratic Republic of Congo,164.53,12,12
2002,Democratic Republic of Congo,194.592,12,13
2003,Democratic Republic of Congo,273.177,12,14
2004,Democratic Republic of Congo,168.878,12,15
2005,Democratic Republic of Congo,136.198,12,16
2006,Democratic Republic of Congo,177.5227,12,17
2007,Democratic Republic of Congo,215.9287,12,18
2008,Democratic Republic of Congo,172.9582,12,19
2009,Democratic Republic of Congo,162.8372,12,20
2010,Democratic Republic of Congo,132.1135,12,21
2011,Democratic Republic of Congo,157.5822,12,22
2012,Democratic Republic of Congo,134.0453,12,23
2013,Democratic Republic of Congo,148.087,12,24
2014,Democratic Republic of Congo,134.871,12,25
2015,Democratic Republic of Congo,170.6123,12,26
2016,Democratic Republic of Congo,79.3877,12,27
2017,Democratic Republic of Congo,181.7013,12,28
2018,Democratic Republic of Congo,197.1427,12,29
2019,Democratic Republic of Congo,182.6014,12,30
1990,Dominican Republic,480.062,13,1
1991,Dominican Republic,340.56,13,2
1992,Dominican Republic,421.815,13,3
1993,Dominican Republic,286.944,13,4
1994,Dominican Republic,394.67,13,5
1995,Dominican Republic,553.625,13,6
1996,Dominican Republic,339.848,13,7
1997,Dominican Republic,405.242,13,8
1998,Dominican Republic,152.297,13,9
1999,Dominican Republic,198.555,13,10
2000,Dominican Republic,124.372,13,11
2001,Dominican Republic,90.136,13,12
2002,Dominican Republic,150.681,13,13
2003,Dominican Republic,77.901,13,14
2004,Dominican Republic,40.841,13,15
2005,Dominican Republic,92.8889,13,16
2006,Dominican Republic,83.6691,13,17
2007,Dominican Republic,79.9084,13,18
2008,Dominican Republic,113.1015,13,19
2009,Dominican Republic,55.7995,13,20
2010,Dominican Republic,66.7492,13,21
2011,Dominican Republic,109.5415,13,22
2012,Dominican Republic,113.4307,13,23
2013,Dominican Republic,55.0606,13,24
2014,Dominican Republic,18.9541,13,25
2015,Dominican Republic,19.9543,13,26
2016,Dominican Republic,24.2085,13,27
2017,Dominican Republic,17.4251,13,28
2018,Dominican Republic,35.9097,13,29
2019,Dominican Republic,24.6348,13,30
1990,Ecuador,1627.778,14,1
1991,Ecuador,1471.617,14,2
1992,Ecuador,1287.687,14,3
1993,Ecuador,1589.007,14,4
1994,Ecuador,2155.766,14,5
1995,Ecuador,1438.233,14,6
1996,Ecuador,1512.914,14,7
1997,Ecuador,1110.663,14,8
1998,Ecuador,965.968,14,9
1999,Ecuador,982.6832,14,10
2000,Ecuador,701.817,14,11
2001,Ecuador,712.847,14,12
2002,Ecuador,585.224,14,13
2003,Ecuador,627.79,14,14
2004,Ecuador,761.435,14,15
2005,Ecuador,1001.3007,14,16
2006,Ecuador,1025.0199,14,17
2007,Ecuador,961.7028,14,18
2008,Ecuador,858.8473,14,19
2009,Ecuador,1156.2849,14,20
2010,Ecuador,1273.9798,14,21
2011,Ecuador,1553.1144,14,22
2012,Ecuador,1578.4024,14,23
2013,Ecuador,1209.545,14,24
2014,Ecuador,1089.0112,14,25
2015,Ecuador,839.4926,14,26
2016,Ecuador,889.8845,14,27
2017,Ecuador,643.5744,14,28
2018,Ecuador,446.0001,14,29
2019,Ecuador,487.9352,14,30
1990,El Salvador,2017.564,15,1
1991,El Salvador,2175.562,15,2
1992,El Salvador,2990.951,15,3
1993,El Salvador,2083.342,15,4
1994,El Salvador,1659.922,15,5
1995,El Salvador,2255.601,15,6
1996,El Salvador,2837.544,15,7
1997,El Salvador,1884.978,15,8
1998,El Salvador,1811.663,15,9
1999,El Salvador,2490.4749,15,10
2000,El Salvador,1714.5498,15,11
2001,El Salvador,1472.566,15,12
2002,El Salvador,1320.276,15,13
2003,El Salvador,1346.897,15,14
2004,El Salvador,1311.973,15,15
2005,El Salvador,1268.587,15,16
2006,El Salvador,1193.761,15,17
2007,El Salvador,1430.2911,15,18
2008,El Salvador,1343.3264,15,19
2009,El Salvador,978.9297,15,20
2010,El Salvador,1903.869,15,21
2011,El Salvador,1054.5727,15,22
2012,El Salvador,1145.3752,15,23
2013,El Salvador,496.6786,15,24
2014,El Salvador,595.0245,15,25
2015,El Salvador,494.632,15,26
2016,El Salvador,506.4166,15,27
2017,El Salvador,574.8124,15,28
2018,El Salvador,559.9228,15,29
2019,El Salvador,363.6916,15,30
1990,Equatorial Guinea,1.536,16,1
1991,Equatorial Guinea,4.551,16,2
1992,Equatorial Guinea,1.686,16,3
1993,Equatorial Guinea,1.47,16,4
1994,Equatorial Guinea,3.393,16,5
1995,Equatorial Guinea,1.807,16,6
1996,Equatorial Guinea,1.12,16,7
1997,Equatorial Guinea,1.669,16,8
1998,Equatorial Guinea,1.036,16,9
1999,Equatorial Guinea,0.179,16,10
2000,Equatorial Guinea,0,16,11
2001,Equatorial Guinea,0,16,12
2002,Equatorial Guinea,0,16,13
2003,Equatorial Guinea,0,16,14
2004,Equatorial Guinea,0,16,15
2005,Equatorial Guinea,0,16,16
2006,Equatorial Guinea,0,16,17
2007,Equatorial Guinea,0,16,18
2008,Equatorial Guinea,0,16,19
2009,Equatorial Guinea,0,16,20
2010,Equatorial Guinea,0,16,21
2011,Equatorial Guinea,0,16,22
2012,Equatorial Guinea,0,16,23
2013,Equatorial Guinea,0,16,24
2014,Equatorial Guinea,0,16,25
2015,Equatorial Guinea,0,16,26
2016,Equatorial Guinea,0,16,27
2017,Equatorial Guinea,0.051,16,28
2018,Equatorial Guinea,0.007,16,29
2019,Equatorial Guinea,0,16,30
1990,Ethiopia,849.451,17,1
1991,Ethiopia,668.664,17,2
1992,Ethiopia,1160.171,17,3
1993,Ethiopia,1332.004,17,4
1994,Ethiopia,1320.73,17,5
1995,Ethiopia,1777.322,17,6
1996,Ethiopia,1853.442,17,7
1997,Ethiopia,2089.864,17,8
1998,Ethiopia,1756.725,17,9
1999,Ethiopia,2005.051,17,10
2000,Ethiopia,1418.149,17,11
2001,Ethiopia,1939.24,17,12
2002,Ethiopia,2276.902,17,13
2003,Ethiopia,2373.717,17,14
2004,Ethiopia,2619.951,17,15
2005,Ethiopia,2702.486,17,16
2006,Ethiopia,2769.74,17,17
2007,Ethiopia,2805.6796,17,18
2008,Ethiopia,1867.9869,17,19
2009,Ethiopia,2904.199,17,20
2010,Ethiopia,3022.3848,17,21
2011,Ethiopia,2832.4099,17,22
2012,Ethiopia,3166.0066,17,23
2013,Ethiopia,3044.4439,17,24
2014,Ethiopia,2872.2618,17,25
2015,Ethiopia,3091.9755,17,26
2016,Ethiopia,3496.9796,17,27
2017,Ethiopia,3653.7332,17,28
2018,Ethiopia,3801.2234,17,29
2019,Ethiopia,3812.4329,17,30
1990,Gabon,1.708,18,1
1991,Gabon,1.63,18,2
1992,Gabon,3.185,18,3
1993,Gabon,1.191,18,4
1994,Gabon,6.794,18,5
1995,Gabon,0.976,18,6
1996,Gabon,0.705,18,7
1997,Gabon,1.515,18,8
1998,Gabon,2.75,18,9
1999,Gabon,0.334,18,10
2000,Gabon,2.002,18,11
2001,Gabon,0.522,18,12
2002,Gabon,0.95,18,13
2003,Gabon,0,18,14
2004,Gabon,0,18,15
2005,Gabon,0.391,18,16
2006,Gabon,1.103,18,17
2007,Gabon,0.421,18,18
2008,Gabon,0.675,18,19
2009,Gabon,0.81,18,20
2010,Gabon,0.7523,18,21
2011,Gabon,0,18,22
2012,Gabon,0,18,23
2013,Gabon,0,18,24
2014,Gabon,0,18,25
2015,Gabon,0,18,26
2016,Gabon,0,18,27
2017,Gabon,0.0143,18,28
2018,Gabon,0.0325,18,29
2019,Gabon,0,18,30
1990,Ghana,14.855,19,1
1991,Ghana,26.306,19,2
1992,Ghana,42.302,19,3
1993,Ghana,27.681,19,4
1994,Ghana,35.176,19,5
1995,Ghana,7.528,19,6
1996,Ghana,28.2,19,7
1997,Ghana,17.5,19,8
1998,Ghana,87.218,19,9
1999,Ghana,80.1191,19,10
2000,Ghana,72.456,19,11
2001,Ghana,12.285,19,12
2002,Ghana,37.6323,19,13
2003,Ghana,19.1419,19,14
2004,Ghana,19.5239,19,15
2005,Ghana,10.7849,19,16
2006,Ghana,21.2111,19,17
2007,Ghana,35.6644,19,18
2008,Ghana,19.4006,19,19
2009,Ghana,13.6085,19,20
2010,Ghana,70.4979,19,21
2011,Ghana,30.0625,19,22
2012,Ghana,19.8836,19,23
2013,Ghana,23.0741,19,24
2014,Ghana,33.3924,19,25
2015,Ghana,33.6548,19,26
2016,Ghana,24.1091,19,27
2017,Ghana,10.9667,19,28
2018,Ghana,12.7455,19,29
2019,Ghana,2.4733,19,30
1990,Guatemala,2802.972,20,1
1991,Guatemala,3287.771,20,2
1992,Guatemala,4018.483,20,3
1993,Guatemala,3138.818,20,4
1994,Guatemala,3564.003,20,5
1995,Guatemala,3713.276,20,6
1996,Guatemala,4224.217,20,7
1997,Guatemala,3890.373,20,8
1998,Guatemala,4592.964,20,9
1999,Guatemala,4900.7988,20,10
2000,Guatemala,4414.083,20,11
2001,Guatemala,3329.96,20,12
2002,Guatemala,3964.953,20,13
2003,Guatemala,3305.931,20,14
2004,Guatemala,3457.359,20,15
2005,Guatemala,3348.1968,20,16
2006,Guatemala,3747.3303,20,17
2007,Guatemala,3821.6768,20,18
2008,Guatemala,3455.9658,20,19
2009,Guatemala,3445.7868,20,20
2010,Guatemala,3653.9335,20,21
2011,Guatemala,3721.3876,20,22
2012,Guatemala,3706.9331,20,23
2013,Guatemala,3121.3714,20,24
2014,Guatemala,2925.0759,20,25
2015,Guatemala,3019.781,20,26
2016,Guatemala,3294.209,20,27
2017,Guatemala,3348.7261,20,28
2018,Guatemala,3606.7343,20,29
2019,Guatemala,3212.7644,20,30
1990,Guinea,54.46,21,1
1991,Guinea,65.522,21,2
1992,Guinea,15.507,21,3
1993,Guinea,27.473,21,4
1994,Guinea,148.024,21,5
1995,Guinea,54.164,21,6
1996,Guinea,103.638,21,7
1997,Guinea,121.711,21,8
1998,Guinea,355.266,21,9
1999,Guinea,279.707,21,10
2000,Guinea,349.992,21,11
2001,Guinea,182.979,21,12
2002,Guinea,278.229,21,13
2003,Guinea,345.529,21,14
2004,Guinea,266.116,21,15
2005,Guinea,495.884,21,16
2006,Guinea,426.9477,21,17
2007,Guinea,275.6894,21,18
2008,Guinea,360.7819,21,19
2009,Guinea,462.2465,21,20
2010,Guinea,358.4609,21,21
2011,Guinea,380.5106,21,22
2012,Guinea,188.5545,21,23
2013,Guinea,51.1902,21,24
2014,Guinea,115.1077,21,25
2015,Guinea,236.4455,21,26
2016,Guinea,219.9426,21,27
2017,Guinea,169.1869,21,28
2018,Guinea,92.9537,21,29
2019,Guinea,128.3779,21,30
1990,Guyana,0.3665,22,1
1991,Guyana,0.5097,22,2
1992,Guyana,0.1745,22,3
1993,Guyana,0.3155,22,4
1994,Guyana,0.1202,22,5
1995,Guyana,0.2597,22,6
1996,Guyana,0.3268,22,7
1997,Guyana,0.252,22,8
1998,Guyana,1.1141,22,9
1999,Guyana,0.7376,22,10
2000,Guyana,0.9888,22,11
2001,Guyana,1.0893,22,12
2002,Guyana,0.8513,22,13
2003,Guyana,0.6752,22,14
2004,Guyana,0.5561,22,15
2005,Guyana,1.4144,22,16
2006,Guyana,1.8626,22,17
2007,Guyana,1.6174,22,18
2008,Guyana,1.4052,22,19
2009,Guyana,0.9437,22,20
2010,Guyana,0.6433,22,21
2011,Guyana,1.5884,22,22
2012,Guyana,1.0383,22,23
2013,Guyana,12.1412,22,24
2014,Guyana,2.4007,22,25
2015,Guyana,2.2231,22,26
2016,Guyana,0.6326,22,27
2017,Guyana,0.9283,22,28
2018,Guyana,0.9845,22,29
2019,Guyana,0.5059,22,30
1990,Haiti,189.88,23,1
1991,Haiti,133.352,23,2
1992,Haiti,169.855,23,3
1993,Haiti,120.697,23,4
1994,Haiti,123.246,23,5
1995,Haiti,171.709,23,6
1996,Haiti,112.623,23,7
1997,Haiti,104.818,23,8
1998,Haiti,112.247,23,9
1999,Haiti,62.027,23,10
2000,Haiti,82.85,23,11
2001,Haiti,62.64,23,12
2002,Haiti,36.945,23,13
2003,Haiti,33.842,23,14
2004,Haiti,27.211,23,15
2005,Haiti,24.0064,23,16
2006,Haiti,22.112,23,17
2007,Haiti,19.4114,23,18
2008,Haiti,18.6822,23,19
2009,Haiti,10.5835,23,20
2010,Haiti,9.5281,23,21
2011,Haiti,9.1949,23,22
2012,Haiti,9.7319,23,23
2013,Haiti,5.2098,23,24
2014,Haiti,3.2067,23,25
2015,Haiti,0.8647,23,26
2016,Haiti,1.5781,23,27
2017,Haiti,2.3802,23,28
2018,Haiti,1.8916,23,29
2019,Haiti,1.6495,23,30
1990,Honduras,1427.002,24,1
1991,Honduras,1800.366,24,2
1992,Honduras,1896.551,24,3
1993,Honduras,1661.179,24,4
1994,Honduras,1636.63,24,5
1995,Honduras,2054.338,24,6
1996,Honduras,1825.466,24,7
1997,Honduras,2299.194,24,8
1998,Honduras,2086.259,24,9
1999,Honduras,2856.9,24,10
2000,Honduras,2469.718,24,11
2001,Honduras,2617.049,24,12
2002,Honduras,2438.716,24,13
2003,Honduras,2793.76,24,14
2004,Honduras,2395.233,24,15
2005,Honduras,2928.56,24,16
2006,Honduras,3215.4716,24,17
2007,Honduras,3394.7929,24,18
2008,Honduras,3020.8802,24,19
2009,Honduras,3160.8519,24,20
2010,Honduras,3866.3184,24,21
2011,Honduras,5473.8724,24,22
2012,Honduras,4340.3638,24,23
2013,Honduras,4172.5236,24,24
2014,Honduras,5020.0721,24,25
2015,Honduras,5140.005,24,26
2016,Honduras,7290.2206,24,27
2017,Honduras,7214.435,24,28
2018,Honduras,6811.8803,24,29
2019,Honduras,5506.22,24,30
1990,India,1510.687,25,1
1991,India,2024.082,25,2
1992,India,1817.497,25,3
1993,India,2906.848,25,4
1994,India,2069.564,25,5
1995,India,3553.026,25,6
1996,India,2476.121,25,7
1997,India,3684.756,25,8
1998,India,3426.768,25,9
1999,India,4296.5892,25,10
2000,India,3704.7666,25,11
2001,India,3441.313,25,12
2002,India,3566.889,25,13
2003,India,3826.272,25,14
2004,India,2790.0102,25,15
2005,India,3410.2898,25,16
2006,India,3393.0734,25,17
2007,India,3388.6594,25,18
2008,India,2953.666,25,19
2009,India,4273.6521,25,20
2010,India,5593.9734,25,21
2011,India,5171.5414,25,22
2012,India,4859.4408,25,23
2013,India,5095.3312,25,24
2014,India,5114.867,25,25
2015,India,5861.3381,25,26
2016,India,6370.9436,25,27
2017,India,6395.2238,25,28
2018,India,6022.392,25,29
2019,India,5313.6264,25,30
1990,Indonesia,6720.383,26,1
1991,Indonesia,5584.196,26,2
1992,Indonesia,5115.478,26,3
1993,Indonesia,5302.288,26,4
1994,Indonesia,4225.878,26,5
1995,Indonesia,4349.762,26,6
1996,Indonesia,6772.467,26,7
1997,Indonesia,5508.527,26,8
1998,Indonesia,5719.239,26,9
1999,Indonesia,4845.9492,26,10
2000,Indonesia,5614.1737,26,11
2001,Indonesia,5173.14,26,12
2002,Indonesia,4280.458,26,13
2003,Indonesia,4821.076,26,14
2004,Indonesia,5822.439,26,15
2005,Indonesia,6794.9594,26,16
2006,Indonesia,4769.6737,26,17
2007,Indonesia,4417.5557,26,18
2008,Indonesia,5667.3466,26,19
2009,Indonesia,7989.6699,26,20
2010,Indonesia,5647.5118,26,21
2011,Indonesia,3644.9233,26,22
2012,Indonesia,8970.0386,26,23
2013,Indonesia,8700.9493,26,24
2014,Indonesia,6679.2773,26,25
2015,Indonesia,7985.4751,26,26
2016,Indonesia,6891.0266,26,27
2017,Indonesia,7761.3153,26,28
2018,Indonesia,4717.5942,26,29
2019,Indonesia,6626.9425,26,30
1990,Jamaica,15.574,27,1
1991,Jamaica,19.987,27,2
1992,Jamaica,26.313,27,3
1993,Jamaica,17.036,27,4
1994,Jamaica,24.34,27,5
1995,Jamaica,27.263,27,6
1996,Jamaica,27.276,27,7
1997,Jamaica,20.481,27,8
1998,Jamaica,21.312,27,9
1999,Jamaica,29.5485,27,10
2000,Jamaica,28.8334,27,11
2001,Jamaica,27.793,27,12
2002,Jamaica,24.943,27,13
2003,Jamaica,26.6311,27,14
2004,Jamaica,20.9576,27,15
2005,Jamaica,20.5457,27,16
2006,Jamaica,21.9346,27,17
2007,Jamaica,23.9226,27,18
2008,Jamaica,24.8915,27,19
2009,Jamaica,16.0842,27,20
2010,Jamaica,16.5548,27,21
2011,Jamaica,15.0073,27,22
2012,Jamaica,14.7159,27,23
2013,Jamaica,10.8292,27,24
2014,Jamaica,12.0512,27,25
2015,Jamaica,11.0121,27,26
2016,Jamaica,9.0447,27,27
2017,Jamaica,10.0548,27,28
2018,Jamaica,8.8543,27,29
2019,Jamaica,13.8793,27,30
1990,Kenya,1649.401,28,1
1991,Kenya,1399.081,28,2
1992,Kenya,1411.908,28,3
1993,Kenya,1459.785,28,4
1994,Kenya,1325.306,28,5
1995,Kenya,1895.485,28,6
1996,Kenya,1389.327,28,7
1997,Kenya,805.965,28,8
1998,Kenya,1096.098,28,9
1999,Kenya,1195.729,28,10
2000,Kenya,1233.4641,28,11
2001,Kenya,793.244,28,12
2002,Kenya,877.889,28,13
2003,Kenya,820.405,28,14
2004,Kenya,658.746,28,15
2005,Kenya,620.135,28,16
2006,Kenya,791.08,28,17
2007,Kenya,627.105,28,18
2008,Kenya,541.075,28,19
2009,Kenya,506.74,28,20
2010,Kenya,654.8736,28,21
2011,Kenya,727.3153,28,22
2012,Kenya,819.4455,28,23
2013,Kenya,782.9501,28,24
2014,Kenya,719.7629,28,25
2015,Kenya,739.1671,28,26
2016,Kenya,722.7675,28,27
2017,Kenya,721.5168,28,28
2018,Kenya,843.4196,28,29
2019,Kenya,772.2079,28,30
1990,Lao People's Democratic Republic,98.333,29,1
1991,Lao People's Democratic Republic,100.9707,29,2
1992,Lao People's Democratic Republic,131.7127,29,3
1993,Lao People's Democratic Republic,150.1667,29,4
1994,Lao People's Democratic Republic,162.1747,29,5
1995,Lao People's Democratic Republic,149.4335,29,6
1996,Lao People's Democratic Republic,118.604,29,7
1997,Lao People's Democratic Republic,111.2867,29,8
1998,Lao People's Democratic Republic,171.424,29,9
1999,Lao People's Democratic Republic,238.772,29,10
2000,Lao People's Democratic Republic,212.185,29,11
2001,Lao People's Democratic Republic,258.1452,29,12
2002,Lao People's Democratic Republic,244.0043,29,13
2003,Lao People's Democratic Republic,258.4625,29,14
2004,Lao People's Democratic Republic,244.4417,29,15
2005,Lao People's Democratic Republic,139.646,29,16
2006,Lao People's Democratic Republic,251.0986,29,17
2007,Lao People's Democratic Republic,253.123,29,18
2008,Lao People's Democratic Republic,256.6104,29,19
2009,Lao People's Democratic Republic,290.8689,29,20
2010,Lao People's Democratic Republic,400.3616,29,21
2011,Lao People's Democratic Republic,364.0001,29,22
2012,Lao People's Democratic Republic,390.5023,29,23
2013,Lao People's Democratic Republic,394.4172,29,24
2014,Lao People's Democratic Republic,402.4924,29,25
2015,Lao People's Democratic Republic,385.1587,29,26
2016,Lao People's Democratic Republic,360.3258,29,27
2017,Lao People's Democratic Republic,378.3697,29,28
2018,Lao People's Democratic Republic,491.783,29,29
2019,Lao People's Democratic Republic,464.8446,29,30
1990,Liberia,0,30,1
1991,Liberia,0,30,2
1992,Liberia,0,30,3
1993,Liberia,0,30,4
1994,Liberia,0,30,5
1995,Liberia,0,30,6
1996,Liberia,0,30,7
1997,Liberia,0,30,8
1998,Liberia,12.779,30,9
1999,Liberia,7.163,30,10
2000,Liberia,7.305,30,11
2001,Liberia,6.833,30,12
2002,Liberia,7.482,30,13
2003,Liberia,0.08,30,14
2004,Liberia,0.78,30,15
2005,Liberia,0.361,30,16
2006,Liberia,1.7276,30,17
2007,Liberia,1.8511,30,18
2008,Liberia,7.4117,30,19
2009,Liberia,7.692,30,20
2010,Liberia,5.4386,30,21
2011,Liberia,5.2354,30,22
2012,Liberia,5.1213,30,23
2013,Liberia,0.939,30,24
2014,Liberia,2.0733,30,25
2015,Liberia,5.0467,30,26
2016,Liberia,7.0867,30,27
2017,Liberia,11.305,30,28
2018,Liberia,0.9367,30,29
2019,Liberia,0.85,30,30
1990,Madagascar,726.447,31,1
1991,Madagascar,679.213,31,2
1992,Madagascar,719.651,31,3
1993,Madagascar,521.359,31,4
1994,Madagascar,474.539,31,5
1995,Madagascar,631.976,31,6
1996,Madagascar,667.374,31,7
1997,Madagascar,433.471,31,8
1998,Madagascar,822.666,31,9
1999,Madagascar,404.017,31,10
2000,Madagascar,201.253,31,11
2001,Madagascar,74.441,31,12
2002,Madagascar,194.287,31,13
2003,Madagascar,122.254,31,14
2004,Madagascar,85.444,31,15
2005,Madagascar,123.482,31,16
2006,Madagascar,131.427,31,17
2007,Madagascar,155.4991,31,18
2008,Madagascar,149.6884,31,19
2009,Madagascar,44.9613,31,20
2010,Madagascar,88.7233,31,21
2011,Madagascar,134.8528,31,22
2012,Madagascar,89.7094,31,23
2013,Madagascar,174.4758,31,24
2014,Madagascar,111.4544,31,25
2015,Madagascar,44.232,31,26
2016,Madagascar,92.7566,31,27
2017,Madagascar,39.1924,31,28
2018,Madagascar,4.3768,31,29
2019,Madagascar,8.3125,31,30
1990,Malawi,103.628,32,1
1991,Malawi,122.286,32,2
1992,Malawi,129.161,32,3
1993,Malawi,75.111,32,4
1994,Malawi,87.112,32,5
1995,Malawi,81.235,32,6
1996,Malawi,57.65,32,7
1997,Malawi,57.82,32,8
1998,Malawi,62.321,32,9
1999,Malawi,52,32,10
2000,Malawi,68.138,32,11
2001,Malawi,59.39,32,12
2002,Malawi,43.464,32,13
2003,Malawi,47.155,32,14
2004,Malawi,19.615,32,15
2005,Malawi,21.416,32,16
2006,Malawi,16.663,32,17
2007,Malawi,19.812,32,18
2008,Malawi,19.753,32,19
2009,Malawi,15.922,32,20
2010,Malawi,15.9285,32,21
2011,Malawi,24.8264,32,22
2012,Malawi,21.8262,32,23
2013,Malawi,26.7944,32,24
2014,Malawi,23.7098,32,25
2015,Malawi,20.2015,32,26
2016,Malawi,18.516,32,27
2017,Malawi,13.4703,32,28
2018,Malawi,11.8656,32,29
2019,Malawi,15.0431,32,30
1990,Mexico,3526.245,33,1
1991,Mexico,3290.206,33,2
1992,Mexico,2884.561,33,3
1993,Mexico,3270.738,33,4
1994,Mexico,3257.777,33,5
1995,Mexico,4578.888,33,6
1996,Mexico,4383.551,33,7
1997,Mexico,3882.561,33,8
1998,Mexico,4136.348,33,9
1999,Mexico,5163.6765,33,10
2000,Mexico,3636.9789,33,11
2001,Mexico,2893.404,33,12
2002,Mexico,2562.426,33,13
2003,Mexico,2423.0193,33,14
2004,Mexico,1907.3474,33,15
2005,Mexico,2507.6637,33,16
2006,Mexico,2893.3381,33,17
2007,Mexico,2555.3183,33,18
2008,Mexico,2774.6492,33,19
2009,Mexico,2566.6243,33,20
2010,Mexico,2727.4319,33,21
2011,Mexico,3392.0578,33,22
2012,Mexico,3352.9422,33,23
2013,Mexico,2457.4766,33,24
2014,Mexico,2503.4007,33,25
2015,Mexico,2180.0393,33,26
2016,Mexico,2707.2949,33,27
2017,Mexico,3075.5814,33,28
2018,Mexico,2676.7012,33,29
2019,Mexico,2954.6011,33,30
1990,Nepal,0.0355,34,1
1991,Nepal,0.0037,34,2
1992,Nepal,0.0516,34,3
1993,Nepal,0.1333,34,4
1994,Nepal,0.4772,34,5
1995,Nepal,0.2083,34,6
1996,Nepal,0.1375,34,7
1997,Nepal,0.075,34,8
1998,Nepal,0.0083,34,9
1999,Nepal,0.1,34,10
2000,Nepal,0.1334,34,11
2001,Nepal,0.2084,34,12
2002,Nepal,2.8468,34,13
2003,Nepal,3.1144,34,14
2004,Nepal,2.4434,34,15
2005,Nepal,2.6441,34,16
2006,Nepal,3.5308,34,17
2007,Nepal,2.4793,34,18
2008,Nepal,1.7141,34,19
2009,Nepal,1.1083,34,20
2010,Nepal,3.0825,34,21
2011,Nepal,2.0111,34,22
2012,Nepal,1.2073,34,23
2013,Nepal,0.9054,34,24
2014,Nepal,2.1378,34,25
2015,Nepal,1.6763,34,26
2016,Nepal,1.4328,34,27
2017,Nepal,1.5527,34,28
2018,Nepal,1.4492,34,29
2019,Nepal,0.6943,34,30
1990,Nicaragua,419.916,35,1
1991,Nicaragua,592.629,35,2
1992,Nicaragua,516.694,35,3
1993,Nicaragua,590.73,35,4
1994,Nicaragua,563.569,35,5
1995,Nicaragua,897.702,35,6
1996,Nicaragua,701.911,35,7
1997,Nicaragua,956.281,35,8
1998,Nicaragua,954.82,35,9
1999,Nicaragua,1324.3318,35,10
2000,Nicaragua,1444.9036,35,11
2001,Nicaragua,920.141,35,12
2002,Nicaragua,978.466,35,13
2003,Nicaragua,1270.364,35,14
2004,Nicaragua,1015.113,35,15
2005,Nicaragua,1427.0265,35,16
2006,Nicaragua,1212.6002,35,17
2007,Nicaragua,1639.9644,35,18
2008,Nicaragua,1432.5182,35,19
2009,Nicaragua,1695.8036,35,20
2010,Nicaragua,1535.6686,35,21
2011,Nicaragua,1675.531,35,22
2012,Nicaragua,1980.3289,35,23
2013,Nicaragua,1823.3928,35,24
2014,Nicaragua,1809.7368,35,25
2015,Nicaragua,1942.9041,35,26
2016,Nicaragua,2320.5581,35,27
2017,Nicaragua,2424.2854,35,28
2018,Nicaragua,2794.1004,35,29
2019,Nicaragua,2697.3199,35,30
1990,Nigeria,1.69,36,1
1991,Nigeria,8.563,36,2
1992,Nigeria,13.132,36,3
1993,Nigeria,5.319,36,4
1994,Nigeria,11.631,36,5
1995,Nigeria,13.038,36,6
1996,Nigeria,5.975,36,7
1997,Nigeria,4.667,36,8
1998,Nigeria,13.405,36,9
1999,Nigeria,5.067,36,10
2000,Nigeria,9.431,36,11
2001,Nigeria,4.003,36,12
2002,Nigeria,9.815,36,13
2003,Nigeria,6.1504,36,14
2004,Nigeria,5.1379,36,15
2005,Nigeria,28.5718,36,16
2006,Nigeria,10.7351,36,17
2007,Nigeria,2.1658,36,18
2008,Nigeria,2.0048,36,19
2009,Nigeria,2.2687,36,20
2010,Nigeria,2.0553,36,21
2011,Nigeria,6.8796,36,22
2012,Nigeria,0.7637,36,23
2013,Nigeria,0.8582,36,24
2014,Nigeria,2.7982,36,25
2015,Nigeria,1.2782,36,26
2016,Nigeria,3.3182,36,27
2017,Nigeria,2.2881,36,28
2018,Nigeria,1.5248,36,29
2019,Nigeria,2.4695,36,30
1990,Panama,129.987,37,1
1991,Panama,104.7,37,2
1992,Panama,149.81,37,3
1993,Panama,94.356,37,4
1994,Panama,143.577,37,5
1995,Panama,151.207,37,6
1996,Panama,118.428,37,7
1997,Panama,141.854,37,8
1998,Panama,146.996,37,9
1999,Panama,77.604,37,10
2000,Panama,70.003,37,11
2001,Panama,77.939,37,12
2002,Panama,84.093,37,13
2003,Panama,104.931,37,14
2004,Panama,81.3892,37,15
2005,Panama,109.3307,37,16
2006,Panama,112.1015,37,17
2007,Panama,119.0553,37,18
2008,Panama,65.1609,37,19
2009,Panama,63.7393,37,20
2010,Panama,55.8499,37,21
2011,Panama,48.6314,37,22
2012,Panama,48.5198,37,23
2013,Panama,48.4685,37,24
2014,Panama,43.2169,37,25
2015,Panama,60.0784,37,26
2016,Panama,54.1902,37,27
2017,Panama,35.5621,37,28
2018,Panama,59.7443,37,29
2019,Panama,48.4053,37,30
1990,Papua New Guinea,1012.841,38,1
1991,Papua New Guinea,794.816,38,2
1992,Papua New Guinea,943.111,38,3
1993,Papua New Guinea,1028.481,38,4
1994,Papua New Guinea,1135.159,38,5
1995,Papua New Guinea,999.863,38,6
1996,Papua New Guinea,1082.348,38,7
1997,Papua New Guinea,1078.721,38,8
1998,Papua New Guinea,1341.785,38,9
1999,Papua New Guinea,1327.7729,38,10
2000,Papua New Guinea,1050.0552,38,11
2001,Papua New Guinea,1073.166,38,12
2002,Papua New Guinea,1076.492,38,13
2003,Papua New Guinea,1152.093,38,14
2004,Papua New Guinea,1010.687,38,15
2005,Papua New Guinea,1253.4108,38,16
2006,Papua New Guinea,811.2022,38,17
2007,Papua New Guinea,969.8383,38,18
2008,Papua New Guinea,1063.6529,38,19
2009,Papua New Guinea,1048.9942,38,20
2010,Papua New Guinea,880.0884,38,21
2011,Papua New Guinea,1417.6185,38,22
2012,Papua New Guinea,714.777,38,23
2013,Papua New Guinea,833.3204,38,24
2014,Papua New Guinea,795.6402,38,25
2015,Papua New Guinea,710.1818,38,26
2016,Papua New Guinea,1169.1449,38,27
2017,Papua New Guinea,731.9382,38,28
2018,Papua New Guinea,928.369,38,29
2019,Papua New Guinea,749.721,38,30
1990,Paraguay,168.627,39,1
1991,Paraguay,84.653,39,2
1992,Paraguay,49.291,39,3
1993,Paraguay,51.5275,39,4
1994,Paraguay,38.2643,39,5
1995,Paraguay,18.2539,39,6
1996,Paraguay,20.8431,39,7
1997,Paraguay,34.3411,39,8
1998,Paraguay,15.7401,39,9
1999,Paraguay,1.9727,39,10
2000,Paraguay,4.6077,39,11
2001,Paraguay,4.1635,39,12
2002,Paraguay,19.5806,39,13
2003,Paraguay,33.4951,39,14
2004,Paraguay,22.0519,39,15
2005,Paraguay,21.7337,39,16
2006,Paraguay,24.7537,39,17
2007,Paraguay,24.6302,39,18
2008,Paraguay,0.0149,39,19
2009,Paraguay,0.0166,39,20
2010,Paraguay,0.1967,39,21
2011,Paraguay,0.0195,39,22
2012,Paraguay,0.0065,39,23
2013,Paraguay,0.0319,39,24
2014,Paraguay,0.0195,39,25
2015,Paraguay,0,39,26
2016,Paraguay,0.0104,39,27
2017,Paraguay,0.0013,39,28
2018,Paraguay,0.0135,39,29
2019,Paraguay,0.0038,39,30
1990,Peru,1003.632,40,1
1991,Peru,971.474,40,2
1992,Peru,1161.953,40,3
1993,Peru,845.497,40,4
1994,Peru,938.628,40,5
1995,Peru,1830.939,40,6
1996,Peru,1527.861,40,7
1997,Peru,1709.959,40,8
1998,Peru,1912.298,40,9
1999,Peru,2474.384,40,10
2000,Peru,2418.58,40,11
2001,Peru,2638.108,40,12
2002,Peru,2838.32,40,13
2003,Peru,2479.986,40,14
2004,Peru,3305.1559,40,15
2005,Peru,2271.8349,40,16
2006,Peru,4113.0586,40,17
2007,Peru,2657.9307,40,18
2008,Peru,3823.262,40,19
2009,Peru,2999.0867,40,20
2010,Peru,3831.823,40,21
2011,Peru,5053.5296,40,22
2012,Peru,3928.0478,40,23
2013,Peru,3878.2383,40,24
2014,Peru,2443.229,40,25
2015,Peru,3063.5542,40,26
2016,Peru,3972.8784,40,27
2017,Peru,4029.0832,40,28
2018,Peru,4001.3391,40,29
2019,Peru,3588.3817,40,30
1990,Philippines,132.632,41,1
1991,Philippines,58.482,41,2
1992,Philippines,21.851,41,3
1993,Philippines,98.855,41,4
1994,Philippines,87.764,41,5
1995,Philippines,29.59,41,6
1996,Philippines,27.819,41,7
1997,Philippines,37.472,41,8
1998,Philippines,10.729,41,9
1999,Philippines,3.7634,41,10
2000,Philippines,2.9218,41,11
2001,Philippines,5.682,41,12
2002,Philippines,8.21,41,13
2003,Philippines,17.691,41,14
2004,Philippines,39.813,41,15
2005,Philippines,31.3372,41,16
2006,Philippines,42.1089,41,17
2007,Philippines,12.6113,41,18
2008,Philippines,6.8337,41,19
2009,Philippines,5.4181,41,20
2010,Philippines,10.0533,41,21
2011,Philippines,4.6611,41,22
2012,Philippines,2.4616,41,23
2013,Philippines,10.682,41,24
2014,Philippines,18.2142,41,25
2015,Philippines,8.0726,41,26
2016,Philippines,14.6417,41,27
2017,Philippines,3.3179,41,28
2018,Philippines,6.2102,41,29
2019,Philippines,6.5344,41,30
1990,Rwanda,658.875,42,1
1991,Rwanda,481.83,42,2
1992,Rwanda,641.875,42,3
1993,Rwanda,447.425,42,4
1994,Rwanda,22.349,42,5
1995,Rwanda,317.699,42,6
1996,Rwanda,287.555,42,7
1997,Rwanda,203.659,42,8
1998,Rwanda,219.221,42,9
1999,Rwanda,306.871,42,10
2000,Rwanda,272.073,42,11
2001,Rwanda,293.51,42,12
2002,Rwanda,308.422,42,13
2003,Rwanda,267.377,42,14
2004,Rwanda,457.69,42,15
2005,Rwanda,276.0107,42,16
2006,Rwanda,393.013,42,17
2007,Rwanda,223.0446,42,18
2008,Rwanda,356.7282,42,19
2009,Rwanda,266.9411,42,20
2010,Rwanda,327.9191,42,21
2011,Rwanda,250.071,42,22
2012,Rwanda,260.5591,42,23
2013,Rwanda,256.7282,42,24
2014,Rwanda,237.3438,42,25
2015,Rwanda,291.6292,42,26
2016,Rwanda,230.0905,42,27
2017,Rwanda,263.4524,42,28
2018,Rwanda,378.8448,42,29
2019,Rwanda,331.984,42,30
1990,Sierra Leone,86.783,43,1
1991,Sierra Leone,74.379,43,2
1992,Sierra Leone,43.084,43,3
1993,Sierra Leone,64.451,43,4
1994,Sierra Leone,67.738,43,5
1995,Sierra Leone,35.768,43,6
1996,Sierra Leone,32.91,43,7
1997,Sierra Leone,44.679,43,8
1998,Sierra Leone,21.882,43,9
1999,Sierra Leone,47.02,43,10
2000,Sierra Leone,34.155,43,11
2001,Sierra Leone,74.2,43,12
2002,Sierra Leone,36.7289,43,13
2003,Sierra Leone,30.5163,43,14
2004,Sierra Leone,16.5255,43,15
2005,Sierra Leone,54.9662,43,16
2006,Sierra Leone,34.472,43,17
2007,Sierra Leone,37.0011,43,18
2008,Sierra Leone,66.2856,43,19
2009,Sierra Leone,97.7017,43,20
2010,Sierra Leone,27.9146,43,21
2011,Sierra Leone,74.2979,43,22
2012,Sierra Leone,56.1833,43,23
2013,Sierra Leone,26.7346,43,24
2014,Sierra Leone,41.4478,43,25
2015,Sierra Leone,40.9276,43,26
2016,Sierra Leone,32.9217,43,27
2017,Sierra Leone,27.9464,43,28
2018,Sierra Leone,41.7431,43,29
2019,Sierra Leone,34.9871,43,30
1990,Sri Lanka,33.203,44,1
1991,Sri Lanka,19.549,44,2
1992,Sri Lanka,7.181,44,3
1993,Sri Lanka,47.79,44,4
1994,Sri Lanka,22.448,44,5
1995,Sri Lanka,16.595,44,6
1996,Sri Lanka,19.999,44,7
1997,Sri Lanka,19.584,44,8
1998,Sri Lanka,26.738,44,9
1999,Sri Lanka,2.716,44,10
2000,Sri Lanka,4.28,44,11
2001,Sri Lanka,2.531,44,12
2002,Sri Lanka,5.3807,44,13
2003,Sri Lanka,7.8942,44,14
2004,Sri Lanka,2.6437,44,15
2005,Sri Lanka,5.9432,44,16
2006,Sri Lanka,3.875,44,17
2007,Sri Lanka,3.4906,44,18
2008,Sri Lanka,0.8644,44,19
2009,Sri Lanka,1.5032,44,20
2010,Sri Lanka,2.0877,44,21
2011,Sri Lanka,0.6993,44,22
2012,Sri Lanka,0.2484,44,23
2013,Sri Lanka,2.0825,44,24
2014,Sri Lanka,0.7018,44,25
2015,Sri Lanka,1.1933,44,26
2016,Sri Lanka,1.7161,44,27
2017,Sri Lanka,1.7829,44,28
2018,Sri Lanka,0.8776,44,29
2019,Sri Lanka,1.2187,44,30
1990,Tanzania,969.726,45,1
1991,Tanzania,807.758,45,2
1992,Tanzania,953.606,45,3
1993,Tanzania,878.692,45,4
1994,Tanzania,613.607,45,5
1995,Tanzania,934.621,45,6
1996,Tanzania,767.74,45,7
1997,Tanzania,606.069,45,8
1998,Tanzania,725.024,45,9
1999,Tanzania,758.9981,45,10
2000,Tanzania,816.0904,45,11
2001,Tanzania,657.422,45,12
2002,Tanzania,819.51,45,13
2003,Tanzania,581.333,45,14
2004,Tanzania,726.349,45,15
2005,Tanzania,754.0736,45,16
2006,Tanzania,763.757,45,17
2007,Tanzania,767.9622,45,18
2008,Tanzania,1116.4989,45,19
2009,Tanzania,647.9343,45,20
2010,Tanzania,794.9077,45,21
2011,Tanzania,567.4391,45,22
2012,Tanzania,1062.4215,45,23
2013,Tanzania,750.1682,45,24
2014,Tanzania,677.7185,45,25
2015,Tanzania,828.472,45,26
2016,Tanzania,776.6249,45,27
2017,Tanzania,691.7364,45,28
2018,Tanzania,1082.8593,45,29
2019,Tanzania,831.3925,45,30
1990,Thailand,433.017,46,1
1991,Thailand,1182.936,46,2
1992,Thailand,1041.945,46,3
1993,Thailand,1105.201,46,4
1994,Thailand,1208.885,46,5
1995,Thailand,893.343,46,6
1996,Thailand,1103.414,46,7
1997,Thailand,784.976,46,8
1998,Thailand,417.336,46,9
1999,Thailand,961.7208,46,10
2000,Thailand,1184.4012,46,11
2001,Thailand,259.8,46,12
2002,Thailand,198.6,46,13
2003,Thailand,348.6,46,14
2004,Thailand,342.1,46,15
2005,Thailand,623.2151,46,16
2006,Thailand,384.4689,46,17
2007,Thailand,150.4208,46,18
2008,Thailand,183.5626,46,19
2009,Thailand,288.7965,46,20
2010,Thailand,328.1734,46,21
2011,Thailand,329.2755,46,22
2012,Thailand,113.0946,46,23
2013,Thailand,26.3368,46,24
2014,Thailand,383.5541,46,25
2015,Thailand,300.9808,46,26
2016,Thailand,137.5435,46,27
2017,Thailand,236.2325,46,28
2018,Thailand,180.0069,46,29
2019,Thailand,208.5783,46,30
1990,Timor-Leste,0,47,1
1991,Timor-Leste,0,47,2
1992,Timor-Leste,0,47,3
1993,Timor-Leste,0,47,4
1994,Timor-Leste,0,47,5
1995,Timor-Leste,0,47,6
1996,Timor-Leste,0,47,7
1997,Timor-Leste,0,47,8
1998,Timor-Leste,0,47,9
1999,Timor-Leste,0,47,10
2000,Timor-Leste,7.1279,47,11
2001,Timor-Leste,32.8539,47,12
2002,Timor-Leste,36.8093,47,13
2003,Timor-Leste,41.8233,47,14
2004,Timor-Leste,16.5932,47,15
2005,Timor-Leste,23.5228,47,16
2006,Timor-Leste,46.2077,47,17
2007,Timor-Leste,36.3032,47,18
2008,Timor-Leste,47.6918,47,19
2009,Timor-Leste,46.9126,47,20
2010,Timor-Leste,59.6117,47,21
2011,Timor-Leste,46.8631,47,22
2012,Timor-Leste,60.2583,47,23
2013,Timor-Leste,79.7282,47,24
2014,Timor-Leste,110.4342,47,25
2015,Timor-Leste,58.6688,47,26
2016,Timor-Leste,81.5306,47,27
2017,Timor-Leste,64.4023,47,28
2018,Timor-Leste,138.6066,47,29
2019,Timor-Leste,102.5627,47,30
1990,Togo,180.808,48,1
1991,Togo,316.152,48,2
1992,Togo,213.648,48,3
1993,Togo,193.939,48,4
1994,Togo,199.113,48,5
1995,Togo,84.051,48,6
1996,Togo,290.119,48,7
1997,Togo,177.526,48,8
1998,Togo,310.176,48,9
1999,Togo,279.091,48,10
2000,Togo,194.814,48,11
2001,Togo,113.584,48,12
2002,Togo,77.705,48,13
2003,Togo,151.509,48,14
2004,Togo,149.588,48,15
2005,Togo,126.3929,48,16
2006,Togo,146.95,48,17
2007,Togo,134.131,48,18
2008,Togo,141.7531,48,19
2009,Togo,201.9791,48,20
2010,Togo,159.1452,48,21
2011,Togo,151.254,48,22
2012,Togo,82.8829,48,23
2013,Togo,134.1519,48,24
2014,Togo,183.3798,48,25
2015,Togo,73.2862,48,26
2016,Togo,31.7902,48,27
2017,Togo,109.4618,48,28
2018,Togo,59.0091,48,29
2019,Togo,40.357,48,30
1990,Trinidad & Tobago,11.581,49,1
1991,Trinidad & Tobago,1.999,49,2
1992,Trinidad & Tobago,4.621,49,3
1993,Trinidad & Tobago,10.079,49,4
1994,Trinidad & Tobago,4.435,49,5
1995,Trinidad & Tobago,3.629,49,6
1996,Trinidad & Tobago,4.188,49,7
1997,Trinidad & Tobago,4.642,49,8
1998,Trinidad & Tobago,3.768,49,9
1999,Trinidad & Tobago,2.89,49,10
2000,Trinidad & Tobago,2.393,49,11
2001,Trinidad & Tobago,2.165,49,12
2002,Trinidad & Tobago,2.5524,49,13
2003,Trinidad & Tobago,2.0967,49,14
2004,Trinidad & Tobago,1.1235,49,15
2005,Trinidad & Tobago,0.8624,49,16
2006,Trinidad & Tobago,0.6981,49,17
2007,Trinidad & Tobago,1.1349,49,18
2008,Trinidad & Tobago,0.4194,49,19
2009,Trinidad & Tobago,0.4069,49,20
2010,Trinidad & Tobago,0.3587,49,21
2011,Trinidad & Tobago,1.1577,49,22
2012,Trinidad & Tobago,2.2272,49,23
2013,Trinidad & Tobago,2.2242,49,24
2014,Trinidad & Tobago,2.0013,49,25
2015,Trinidad & Tobago,1.7897,49,26
2016,Trinidad & Tobago,1.7911,49,27
2017,Trinidad & Tobago,2.0009,49,28
2018,Trinidad & Tobago,3.3198,49,29
2019,Trinidad & Tobago,1.691,49,30
1990,Uganda,2085.009,50,1
1991,Uganda,2013.001,50,2
1992,Uganda,2010.074,50,3
1993,Uganda,3066.706,50,4
1994,Uganda,2792.753,50,5
1995,Uganda,4213.584,50,6
1996,Uganda,4237.014,50,7
1997,Uganda,3032.338,50,8
1998,Uganda,3647.669,50,9
1999,Uganda,2917.257,50,10
2000,Uganda,3075.093,50,11
2001,Uganda,3153.157,50,12
2002,Uganda,2809.948,50,13
2003,Uganda,2523.062,50,14
2004,Uganda,2488.819,50,15
2005,Uganda,2001.974,50,16
2006,Uganda,2704.236,50,17
2007,Uganda,3209.995,50,18
2008,Uganda,3053.688,50,19
2009,Uganda,2668.971,50,20
2010,Uganda,3150.09,50,21
2011,Uganda,2726.949,50,22
2012,Uganda,3583.259,50,23
2013,Uganda,3499.829,50,24
2014,Uganda,3455.252,50,25
2015,Uganda,3315.567,50,26
2016,Uganda,4605.158,50,27
2017,Uganda,4359.013,50,28
2018,Uganda,4453.964,50,29
2019,Uganda,5355.154,50,30
1990,Venezuela,132.087,51,1
1991,Venezuela,112.679,51,2
1992,Venezuela,478.873,51,3
1993,Venezuela,445.951,51,4
1994,Venezuela,65.596,51,5
1995,Venezuela,454.094,51,6
1996,Venezuela,183.982,51,7
1997,Venezuela,79.675,51,8
1998,Venezuela,582.439,51,9
1999,Venezuela,112.895,51,10
2000,Venezuela,25.934,51,11
2001,Venezuela,130.543,51,12
2002,Venezuela,297.3196,51,13
2003,Venezuela,179.8447,51,14
2004,Venezuela,29.1436,51,15
2005,Venezuela,47.8009,51,16
2006,Venezuela,67.7861,51,17
2007,Venezuela,146.1205,51,18
2008,Venezuela,22.1619,51,19
2009,Venezuela,19.2481,51,20
2010,Venezuela,2.1338,51,21
2011,Venezuela,2.0717,51,22
2012,Venezuela,2.4201,51,23
2013,Venezuela,3.7688,51,24
2014,Venezuela,0.3983,51,25
2015,Venezuela,0.1259,51,26
2016,Venezuela,0,51,27
2017,Venezuela,71.5128,51,28
2018,Venezuela,53.389,51,29
2019,Venezuela,0.1046,51,30
1990,Viet Nam,1146.288,52,1
1991,Viet Nam,1317.848,52,2
1992,Viet Nam,2175.447,52,3
1993,Viet Nam,2753.216,52,4
1994,Viet Nam,3206.609,52,5
1995,Viet Nam,3679.241,52,6
1996,Viet Nam,5421.965,52,7
1997,Viet Nam,6614.884,52,8
1998,Viet Nam,6687.203,52,9
1999,Viet Nam,10897.2468,52,10
2000,Viet Nam,14606.351,52,11
2001,Viet Nam,11965.712,52,12
2002,Viet Nam,11555.093,52,13
2003,Viet Nam,14497.173,52,14
2004,Viet Nam,13994.097,52,15
2005,Viet Nam,13121.8363,52,16
2006,Viet Nam,18089.7501,52,17
2007,Viet Nam,15774.0988,52,18
2008,Viet Nam,17386.1201,52,19
2009,Viet Nam,14591.3453,52,20
2010,Viet Nam,16849.9999,52,21
2011,Viet Nam,21705.6111,52,22
2012,Viet Nam,20664.7162,52,23
2013,Viet Nam,24902.3404,52,24
2014,Viet Nam,22034.5219,52,25
2015,Viet Nam,28790.0419,52,26
2016,Viet Nam,25819.1762,52,27
2017,Viet Nam,29732.499,52,28
2018,Viet Nam,28283.0748,52,29
2019,Viet Nam,26537.1644,52,30
1990,Yemen,72.5002,53,1
1991,Yemen,45.6585,53,2
1992,Yemen,47.387,53,3
1993,Yemen,82.3433,53,4
1994,Yemen,80.8655,53,5
1995,Yemen,50.7238,53,6
1996,Yemen,70.3435,53,7
1997,Yemen,73.0405,53,8
1998,Yemen,68.7007,53,9
1999,Yemen,60.579,53,10
2000,Yemen,63.936,53,11
2001,Yemen,62.2185,53,12
2002,Yemen,56.7446,53,13
2003,Yemen,47.3027,53,14
2004,Yemen,69.5589,53,15
2005,Yemen,65.1808,53,16
2006,Yemen,69.234,53,17
2007,Yemen,67.9537,53,18
2008,Yemen,46.7968,53,19
2009,Yemen,43.1816,53,20
2010,Yemen,36.1675,53,21
2011,Yemen,55.0677,53,22
2012,Yemen,57.5251,53,23
2013,Yemen,57.2981,53,24
2014,Yemen,53.3814,53,25
2015,Yemen,41.246,53,26
2016,Yemen,43.4533,53,27
2017,Yemen,42.1281,53,28
2018,Yemen,20.5762,53,29
2019,Yemen,27.4278,53,30
1990,Zambia,22.186,54,1
1991,Zambia,26.638,54,2
1992,Zambia,28.875,54,3
1993,Zambia,25.606,54,4
1994,Zambia,19.955,54,5
1995,Zambia,25.733,54,6
1996,Zambia,32.025,54,7
1997,Zambia,37.862,54,8
1998,Zambia,61.086,54,9
1999,Zambia,58.125,54,10
2000,Zambia,92.774,54,11
2001,Zambia,99.072,54,12
2002,Zambia,118.327,54,13
2003,Zambia,99.733,54,14
2004,Zambia,109.777,54,15
2005,Zambia,102.336,54,16
2006,Zambia,55.4696,54,17
2007,Zambia,60.4737,54,18
2008,Zambia,33.6967,54,19
2009,Zambia,28.217,54,20
2010,Zambia,13.1783,54,21
2011,Zambia,11.1889,54,22
2012,Zambia,5.3695,54,23
2013,Zambia,10.7527,54,24
2014,Zambia,2.6111,54,25
2015,Zambia,3.689,54,26
2016,Zambia,13.3181,54,27
2017,Zambia,18.6156,54,28
2018,Zambia,34.2825,54,29
2019,Zambia,14.5428,54,30
1990,Zimbabwe,285.701,55,1
1991,Zimbabwe,213.594,55,2
1992,Zimbabwe,114.581,55,3
1993,Zimbabwe,56.51,55,4
1994,Zimbabwe,97.969,55,5
1995,Zimbabwe,114.45,55,6
1996,Zimbabwe,179.987,55,7
1997,Zimbabwe,126.193,55,8
1998,Zimbabwe,135.45,55,9
1999,Zimbabwe,121.4843,55,10
2000,Zimbabwe,104.523,55,11
2001,Zimbabwe,117.042,55,12
2002,Zimbabwe,106.121,55,13
2003,Zimbabwe,87.649,55,14
2004,Zimbabwe,116.3133,55,15
2005,Zimbabwe,61.9299,55,16
2006,Zimbabwe,46.149,55,17
2007,Zimbabwe,32.2441,55,18
2008,Zimbabwe,20.2492,55,19
2009,Zimbabwe,17.3683,55,20
2010,Zimbabwe,6.0859,55,21
2011,Zimbabwe,4.8564,55,22
2012,Zimbabwe,3.3208,55,23
2013,Zimbabwe,4.6415,55,24
2014,Zimbabwe,11.0124,55,25
2015,Zimbabwe,10.2836,55,26
2016,Zimbabwe,11.1183,55,27
2017,Zimbabwe,2.8019,55,28
2018,Zimbabwe,5.8786,55,29
2019,Zimbabwe,5.0784,55,30
